window_start	window_end	genomic_start	genomic_end	mfe	mfe_per_nt	structure	gc_content
0	60	17681458	17681517	-26.8	-0.447	((.....((((((...)))))).......)).((((.(((((......)))))..)))).	80.0
10	70	17681468	17681527	-28.3	-0.472	.......(((((......(((.((((.(((((......)))))..)))).)))..)))))	85.0
20	80	17681478	17681537	-29.8	-0.497	.............(((((((((((.(((.(((....))))))..)))).)...)))))).	85.0
30	90	17681488	17681547	-30.3	-0.505	..(((.((.(((((.((((((...((.....))..)))))).))))).))..))).....	90.0
40	100	17681498	17681557	-30.5	-0.508	((((.(((.(((....))))))..))))((.((.((((((.......)))))).)).)).	90.0
50	110	17681508	17681567	-22.8	-0.38	.....((((((....(((((.....((((...)))).....))))).)))))).......	86.7
60	120	17681518	17681577	-27.9	-0.465	..(((((.(((((.((((((((((........)))))...)).))).).)))).).))))	83.3
70	130	17681528	17681587	-22.4	-0.373	.......(((((((((((((.((...((.(....).))...)).))))).).))).))))	80.0
80	140	17681538	17681597	-26.6	-0.443	.(((((.(((..(((.((.(.((((.(........).))))..).))))).))).)))))	78.3
90	150	17681548	17681607	-16.4	-0.273	.(((..((.(.((.((....((..((......))..))....)).)).).))..)))...	73.3
100	160	17681558	17681617	-15.5	-0.258	((((((....((..((......))..))....)).))))....(((..((...))..)))	71.7
110	170	17681568	17681627	-24.3	-0.405	((..((......))..)).......((((.((.((((.(((.....))))))))))))).	75.0
120	180	17681578	17681637	-29.2	-0.487	..((.((.((.((..((((.((.((((.(((.....))))))))))))))).)).)).))	78.3
130	190	17681588	17681647	-31.8	-0.53	.(((..((((..(((...((((.(((((....)))))...)))))))..))))..)))..	81.7
140	200	17681598	17681657	-30.6	-0.51	((.((((.(((.....)))))))))((((.(...(((.(((....))).))).).)))).	83.3
150	210	17681608	17681667	-31.1	-0.518	......((((((..(((((.(...(((.(((....))).))).).)))))..))))))..	86.7
160	220	17681618	17681677	-30.1	-0.502	((...(((.(((.......))).)))))((((((((((.((....)))).))))))))..	85.0
170	230	17681628	17681687	-33.1	-0.552	(((((..((.((.((...((((((((((.((....)))).)))))))))).)))))))))	83.3
180	240	17681638	17681697	-35.7	-0.595	((((((..((((((((((.((....)))).)))))))).((((......)))))))))).	86.7
190	250	17681648	17681707	-36.1	-0.602	((((((((.((....)))).)))))).....(((((((((.....)))))))))......	88.3
200	260	17681658	17681717	-27.3	-0.455	.((((((..............(((((((((.....))))))))).)))))).........	88.3
210	270	17681668	17681727	-25.3	-0.422	..............((((((.(((..((.((((.((...)).)))).))))).)))))).	85.0
220	280	17681678	17681737	-28.5	-0.475	.(((((((((.(((..((.((((.((...)).)))).))))).)))))....))))....	86.7
230	290	17681688	17681747	-28.3	-0.472	.((((((((......)))).))))((.(((....((((.....))))...))).))....	86.7
240	300	17681698	17681757	-23.5	-0.392	((....))((((..(((((((...((((.....))))...))).......))))..))))	83.3
250	310	17681708	17681767	-17.5	-0.292	((..(((((((...((((.....))))...))).......))))..))............	76.7
260	320	17681718	17681777	-19.9	-0.332	....((((.....))))...(((((.....(((.........)))....)))))......	75.0
270	330	17681728	17681787	-21.3	-0.355	...((((((.((((.(((....))).)).)).)).....))))((((........)))).	78.3
280	340	17681738	17724031	-24.7	-0.412	((((.(((....))).)).))....((..(((.((((........)))).)))..))...	76.7
290	350	17681748	17724041	-22.7	-0.378	........((((((.((..(((.((((........)))).)))..))......)))))).	73.3
300	360	17681758	17724051	-20.9	-0.348	....................((((((((..(((((........)).)))..)))))))).	70.0
310	370	17681768	17724061	-25.9	-0.432	(((.(.....((((((((..(((((........)).)))..)))))))).....).))).	71.7
320	380	17681778	17724071	-20.9	-0.348	((((((((..(((((........)).)))..)))))))).....................	68.3
330	390	17681788	17724081	-17.8	-0.297	((((....((((.(((.(((....(......)....))).)))))))...)).)).....	66.7
340	400	17724032	17724091	-16.9	-0.282	((.(((.((...((((((((................)))))))).)).))).))......	63.3
350	410	17724042	17724101	-13.7	-0.228	.((((..(((.......(((...(......)...)))..........)))..))))....	68.3
360	420	17724052	17724111	-5.4	-0.09	....................(.(.(((...............))).).)...........	68.3
370	430	17724062	17724121	-8.5	-0.142	.........((((.(((.............(.....).............)))..)))).	70.0
380	440	17724072	17724131	-13.1	-0.218	(.(.(((...............))).).).........(((((..........)))))..	75.0
390	450	17724082	17724141	-15.1	-0.252	.............((((.(....((.(.(.(((.....))).)).))..).)))).....	75.0
400	460	17724092	17724151	-19.6	-0.327	....(((.....(((...(((((..........)))))...)))......))).......	78.3
410	470	17724102	17792934	-19.0	-0.317	..(((...(((((..........)))))...)))(((....((....))..)))......	75.0
420	480	17724112	17792944	-15.7	-0.262	(((.....))).(((..(((.((((((...))).)).)..))))))..............	76.7
